{"_step":4,"loss":0,"returns":0.699999988079071,"_wandb":{"runtime":1},"timesteps":500,"updates":0,"_timestamp":1.744393408827797e+09,"_runtime":1.877731}