{"q_values_max":9.450298309326172,"_runtime":1.8954119999999999,"q_values_mean":0.18895749747753143,"returns":0.699999988079071,"_timestamp":1.744393796257478e+09,"_step":4,"loss":0,"timesteps":500,"updates":0,"_wandb":{"runtime":1}}