{"timesteps":500,"_wandb":{"runtime":1},"updates":0,"_timestamp":1.7443933034476612e+09,"_runtime":1.8070330000000001,"_step":4,"loss":0,"returns":7}