{"timesteps":50000,"updates":4000,"_timestamp":1.744391643482563e+09,"_runtime":2.96116,"_step":499,"loss":1.1253743171691895,"returns":1.100000023841858,"_wandb":{"runtime":2}}