{"_wandb":{"runtime":4},"updates":4000,"_step":499,"q_values_max":2.1764795780181885,"loss":0.8814600706100464,"_timestamp":1.743171039421421e+09,"_runtime":4.303001,"q_values_mean":1.743297815322876,"reward":1.100000023841858,"timesteps":50000}