{"_step":4999,"loss":1.4141932725906372,"returns":0,"_wandb":{"runtime":24},"timesteps":500000,"updates":49000,"_timestamp":1.740977556648622e+09,"_runtime":24.295474}